id,neo_reference_id,name,nasa_jpl_url,absolute_magnitude_h,is_potentially_hazardous_asteroid,close_approach_data,is_sentry_object,links_self,estimated_diameter_kilometers_estimated_diameter_min,estimated_diameter_kilometers_estimated_diameter_max,estimated_diameter_meters_estimated_diameter_min,estimated_diameter_meters_estimated_diameter_max,estimated_diameter_miles_estimated_diameter_min,estimated_diameter_miles_estimated_diameter_max,estimated_diameter_feet_estimated_diameter_min,estimated_diameter_feet_estimated_diameter_max,sentry_data
3263235,3263235,(2004 XO),https://ssd.jpl.nasa.gov/tools/sbdb_lookup.html#/?sstr=3263235,21.62,True,"[{'close_approach_date': '2024-11-30', 'close_approach_date_full': '2024-Nov-30 06:02', 'epoch_date_close_approach': 1732946520000, 'relative_velocity': {'kilometers_per_second': '14.6082883566', 'kilometers_per_hour': '52589.8380837222', 'miles_per_hour': '32677.2802248551'}, 'miss_distance': {'astronomical': '0.1267458129', 'lunar': '49.3041212181', 'kilometers': '18960903.641258523', 'miles': '11781759.1952446974'}, 'orbiting_body': 'Earth'}]",False,http://api.nasa.gov/neo/rest/v1/neo/3263235?api_key=zEV8WaqAclQozMvV7r8zkXjdX6O5NLcAqvgJgtwC,0.1260535197,0.2818642388,126.0535196822,281.8642388124,0.0783260016,0.1751422639,413.5614295141,924.7514692654,
3552578,3552578,(2010 WR7),https://ssd.jpl.nasa.gov/tools/sbdb_lookup.html#/?sstr=3552578,23.5,False,"[{'close_approach_date': '2024-11-30', 'close_approach_date_full': '2024-Nov-30 05:44', 'epoch_date_close_approach': 1732945440000, 'relative_velocity': {'kilometers_per_second': '21.7457388057', 'kilometers_per_hour': '78284.65970047', 'miles_per_hour': '48643.0431344392'}, 'miss_distance': {'astronomical': '0.4858307395', 'lunar': '188.9881576655', 'kilometers': '72679243.809724865', 'miles': '45160787.969798537'}, 'orbiting_body': 'Earth'}]",False,http://api.nasa.gov/neo/rest/v1/neo/3552578?api_key=zEV8WaqAclQozMvV7r8zkXjdX6O5NLcAqvgJgtwC,0.0530340723,0.1185877909,53.0340723319,118.5877908577,0.0329538346,0.0736870142,173.9963058693,389.0675677576,
3604236,3604236,(2012 JS17),https://ssd.jpl.nasa.gov/tools/sbdb_lookup.html#/?sstr=3604236,21.0,False,"[{'close_approach_date': '2024-11-30', 'close_approach_date_full': '2024-Nov-30 06:14', 'epoch_date_close_approach': 1732947240000, 'relative_velocity': {'kilometers_per_second': '12.8529509481', 'kilometers_per_hour': '46270.6234131456', 'miles_per_hour': '28750.7659757959'}, 'miss_distance': {'astronomical': '0.1861123221', 'lunar': '72.3976932969', 'kilometers': '27842006.966913927', 'miles': '17300220.9073371126'}, 'orbiting_body': 'Earth'}]",False,http://api.nasa.gov/neo/rest/v1/neo/3604236?api_key=zEV8WaqAclQozMvV7r8zkXjdX6O5NLcAqvgJgtwC,0.1677084622,0.3750075218,167.7084621628,375.0075217981,0.1042091748,0.2330187988,550.2246310023,1230.3396778159,
3647027,3647027,(2013 RE6),https://ssd.jpl.nasa.gov/tools/sbdb_lookup.html#/?sstr=3647027,21.53,False,"[{'close_approach_date': '2024-11-30', 'close_approach_date_full': '2024-Nov-30 16:57', 'epoch_date_close_approach': 1732985820000, 'relative_velocity': {'kilometers_per_second': '5.7371234805', 'kilometers_per_hour': '20653.6445298291', 'miles_per_hour': '12833.3715135485'}, 'miss_distance': {'astronomical': '0.1914549747', 'lunar': '74.4759851583', 'kilometers': '28641256.416023889', 'miles': '17796851.4859481082'}, 'orbiting_body': 'Earth'}]",False,http://api.nasa.gov/neo/rest/v1/neo/3647027?api_key=zEV8WaqAclQozMvV7r8zkXjdX6O5NLcAqvgJgtwC,0.1313877806,0.2937920088,131.3877806011,293.7920088369,0.0816405566,0.1825538343,431.0622861073,963.8845742724,
3836941,3836941,(2018 YG),https://ssd.jpl.nasa.gov/tools/sbdb_lookup.html#/?sstr=3836941,24.3,False,"[{'close_approach_date': '2024-11-30', 'close_approach_date_full': '2024-Nov-30 22:24', 'epoch_date_close_approach': 1733005440000, 'relative_velocity': {'kilometers_per_second': '16.7012462693', 'kilometers_per_hour': '60124.4865694908', 'miles_per_hour': '37359.0177798039'}, 'miss_distance': {'astronomical': '0.3006686875', 'lunar': '116.9601194375', 'kilometers': '44979395.225695625', 'miles': '27948900.185524625'}, 'orbiting_body': 'Earth'}]",False,http://api.nasa.gov/neo/rest/v1/neo/3836941?api_key=zEV8WaqAclQozMvV7r8zkXjdX6O5NLcAqvgJgtwC,0.0366906138,0.0820427065,36.6906137531,82.0427064882,0.0227984834,0.0509789586,120.3760332259,269.1689931548,
3837682,3837682,(2019 AN5),https://ssd.jpl.nasa.gov/tools/sbdb_lookup.html#/?sstr=3837682,21.07,True,"[{'close_approach_date': '2024-11-30', 'close_approach_date_full': '2024-Nov-30 04:48', 'epoch_date_close_approach': 1732942080000, 'relative_velocity': {'kilometers_per_second': '13.3508770181', 'kilometers_per_hour': '48063.1572651946', 'miles_per_hour': '29864.5768018094'}, 'miss_distance': {'astronomical': '0.1771007161', 'lunar': '68.8921785629', 'kilometers': '26493889.904034707', 'miles': '16462539.8082526766'}, 'orbiting_body': 'Earth'}]",False,http://api.nasa.gov/neo/rest/v1/neo/3837682?api_key=zEV8WaqAclQozMvV7r8zkXjdX6O5NLcAqvgJgtwC,0.1623883902,0.3631114793,162.3883902199,363.1114792885,0.1009034364,0.225626943,532.7703261691,1191.3106657088,
3841756,3841756,(2019 JN2),https://ssd.jpl.nasa.gov/tools/sbdb_lookup.html#/?sstr=3841756,25.72,False,"[{'close_approach_date': '2024-11-30', 'close_approach_date_full': '2024-Nov-30 07:39', 'epoch_date_close_approach': 1732952340000, 'relative_velocity': {'kilometers_per_second': '7.7132422365', 'kilometers_per_hour': '27767.6720513745', 'miles_per_hour': '17253.751558811'}, 'miss_distance': {'astronomical': '0.0239701302', 'lunar': '9.3243806478', 'kilometers': '3585880.421542674', 'miles': '2228162.7726659412'}, 'orbiting_body': 'Earth'}]",False,http://api.nasa.gov/neo/rest/v1/neo/3841756?api_key=zEV8WaqAclQozMvV7r8zkXjdX6O5NLcAqvgJgtwC,0.0190789723,0.0426618789,19.078972262,42.6618789186,0.0118551201,0.0265088544,62.595055356,139.9667988315,
3843834,3843834,(2019 RX2),https://ssd.jpl.nasa.gov/tools/sbdb_lookup.html#/?sstr=3843834,28.5,False,"[{'close_approach_date': '2024-11-30', 'close_approach_date_full': '2024-Nov-30 23:56', 'epoch_date_close_approach': 1733010960000, 'relative_velocity': {'kilometers_per_second': '17.3559910471', 'kilometers_per_hour': '62481.5677695971', 'miles_per_hour': '38823.616373281'}, 'miss_distance': {'astronomical': '0.4285014566', 'lunar': '166.6870666174', 'kilometers': '64102905.199257442', 'miles': '39831698.2704270196'}, 'orbiting_body': 'Earth'}]",False,http://api.nasa.gov/neo/rest/v1/neo/3843834?api_key=zEV8WaqAclQozMvV7r8zkXjdX6O5NLcAqvgJgtwC,0.0053034072,0.0118587791,5.3034072332,11.8587790858,0.0032953835,0.0073687014,17.3996305869,38.9067567758,
54093080,54093080,(2020 WO3),https://ssd.jpl.nasa.gov/tools/sbdb_lookup.html#/?sstr=54093080,23.01,False,"[{'close_approach_date': '2024-11-30', 'close_approach_date_full': '2024-Nov-30 14:59', 'epoch_date_close_approach': 1732978740000, 'relative_velocity': {'kilometers_per_second': '26.8188782324', 'kilometers_per_hour': '96547.9616365529', 'miles_per_hour': '59991.1487180014'}, 'miss_distance': {'astronomical': '0.4252503945', 'lunar': '165.4224034605', 'kilometers': '63616553.233859715', 'miles': '39529493.172565467'}, 'orbiting_body': 'Earth'}]",False,http://api.nasa.gov/neo/rest/v1/neo/54093080?api_key=zEV8WaqAclQozMvV7r8zkXjdX6O5NLcAqvgJgtwC,0.0664591797,0.1486072436,66.4591797139,148.6072435691,0.041295807,0.0923402315,218.0419351725,487.5565889914,
54134945,54134945,(2021 GE2),https://ssd.jpl.nasa.gov/tools/sbdb_lookup.html#/?sstr=54134945,29.15,False,"[{'close_approach_date': '2024-11-30', 'close_approach_date_full': '2024-Nov-30 00:16', 'epoch_date_close_approach': 1732925760000, 'relative_velocity': {'kilometers_per_second': '15.2889921919', 'kilometers_per_hour': '55040.371890957', 'miles_per_hour': '34199.9466341338'}, 'miss_distance': {'astronomical': '0.3764352089', 'lunar': '146.4332962621', 'kilometers': '56313905.444445043', 'miles': '34991838.2500778734'}, 'orbiting_body': 'Earth'}]",True,http://api.nasa.gov/neo/rest/v1/neo/54134945?api_key=zEV8WaqAclQozMvV7r8zkXjdX6O5NLcAqvgJgtwC,0.0039314701,0.0087910344,3.9314700958,8.7910343856,0.0024429015,0.0054624938,12.8985243489,28.8419772537,http://api.nasa.gov/neo/rest/v1/neo/sentry/54134945?api_key=zEV8WaqAclQozMvV7r8zkXjdX6O5NLcAqvgJgtwC
54225726,54225726,(2021 XF),https://ssd.jpl.nasa.gov/tools/sbdb_lookup.html#/?sstr=54225726,28.35,False,"[{'close_approach_date': '2024-11-30', 'close_approach_date_full': '2024-Nov-30 16:22', 'epoch_date_close_approach': 1732983720000, 'relative_velocity': {'kilometers_per_second': '18.2886176411', 'kilometers_per_hour': '65839.0235078174', 'miles_per_hour': '40909.808801288'}, 'miss_distance': {'astronomical': '0.3183992821', 'lunar': '123.8573207369', 'kilometers': '47631854.411689127', 'miles': '29597061.8974268726'}, 'orbiting_body': 'Earth'}]",False,http://api.nasa.gov/neo/rest/v1/neo/54225726?api_key=zEV8WaqAclQozMvV7r8zkXjdX6O5NLcAqvgJgtwC,0.0056827032,0.0127069107,5.6827032339,12.706910727,0.003531067,0.0078957058,18.6440400779,41.6893409894,
2688126,2688126,688126 (2012 JS17),https://ssd.jpl.nasa.gov/tools/sbdb_lookup.html#/?sstr=2688126,21.04,False,"[{'close_approach_date': '2024-11-30', 'close_approach_date_full': '2024-Nov-30 06:14', 'epoch_date_close_approach': 1732947240000, 'relative_velocity': {'kilometers_per_second': '12.8529514785', 'kilometers_per_hour': '46270.6253224556', 'miles_per_hour': '28750.767162167'}, 'miss_distance': {'astronomical': '0.1861122423', 'lunar': '72.3976622547', 'kilometers': '27841995.029003901', 'miles': '17300213.4894637938'}, 'orbiting_body': 'Earth'}]",False,http://api.nasa.gov/neo/rest/v1/neo/2688126?api_key=zEV8WaqAclQozMvV7r8zkXjdX6O5NLcAqvgJgtwC,0.1646474378,0.3681628631,164.6474377554,368.1628631423,0.102307143,0.2287657264,540.1818996855,1207.8834479116,
54497169,54497169,(2024 UM13),https://ssd.jpl.nasa.gov/tools/sbdb_lookup.html#/?sstr=54497169,25.142,False,"[{'close_approach_date': '2024-11-30', 'close_approach_date_full': '2024-Nov-30 08:21', 'epoch_date_close_approach': 1732954860000, 'relative_velocity': {'kilometers_per_second': '6.2636466465', 'kilometers_per_hour': '22549.1279273101', 'miles_per_hour': '14011.1511835'}, 'miss_distance': {'astronomical': '0.0752223651', 'lunar': '29.2615000239', 'kilometers': '11253105.595322337', 'miles': '6992355.5770967706'}, 'orbiting_body': 'Earth'}]",False,http://api.nasa.gov/neo/rest/v1/neo/54497169?api_key=zEV8WaqAclQozMvV7r8zkXjdX6O5NLcAqvgJgtwC,0.0248974562,0.0556724045,24.897456176,55.6724044763,0.0154705572,0.0345932176,81.6845701204,182.652251502,
54497460,54497460,(2024 VV),https://ssd.jpl.nasa.gov/tools/sbdb_lookup.html#/?sstr=54497460,23.56,False,"[{'close_approach_date': '2024-11-30', 'close_approach_date_full': '2024-Nov-30 13:59', 'epoch_date_close_approach': 1732975140000, 'relative_velocity': {'kilometers_per_second': '11.0545114656', 'kilometers_per_hour': '39796.2412761964', 'miles_per_hour': '24727.8366974232'}, 'miss_distance': {'astronomical': '0.1839578142', 'lunar': '71.5595897238', 'kilometers': '27519697.174175754', 'miles': '17099946.8889592452'}, 'orbiting_body': 'Earth'}]",False,http://api.nasa.gov/neo/rest/v1/neo/54497460?api_key=zEV8WaqAclQozMvV7r8zkXjdX6O5NLcAqvgJgtwC,0.0515887466,0.1153559443,51.5887466264,115.3559443307,0.0320557511,0.0716788385,169.2544234818,378.4643963979,
54499473,54499473,(2024 VR3),https://ssd.jpl.nasa.gov/tools/sbdb_lookup.html#/?sstr=54499473,24.3,False,"[{'close_approach_date': '2024-11-30', 'close_approach_date_full': '2024-Nov-30 21:21', 'epoch_date_close_approach': 1733001660000, 'relative_velocity': {'kilometers_per_second': '2.338189126', 'kilometers_per_hour': '8417.4808534928', 'miles_per_hour': '5230.2952558828'}, 'miss_distance': {'astronomical': '0.165538709', 'lunar': '64.394557801', 'kilometers': '24764238.26894983', 'miles': '15387784.119294454'}, 'orbiting_body': 'Earth'}]",False,http://api.nasa.gov/neo/rest/v1/neo/54499473?api_key=zEV8WaqAclQozMvV7r8zkXjdX6O5NLcAqvgJgtwC,0.0366906138,0.0820427065,36.6906137531,82.0427064882,0.0227984834,0.0509789586,120.3760332259,269.1689931548,
54499611,54499611,(2024 VZ3),https://ssd.jpl.nasa.gov/tools/sbdb_lookup.html#/?sstr=54499611,22.244,False,"[{'close_approach_date': '2024-11-30', 'close_approach_date_full': '2024-Nov-30 17:29', 'epoch_date_close_approach': 1732987740000, 'relative_velocity': {'kilometers_per_second': '14.6683511019', 'kilometers_per_hour': '52806.0639669984', 'miles_per_hour': '32811.6345799385'}, 'miss_distance': {'astronomical': '0.0958966726', 'lunar': '37.3038056414', 'kilometers': '14345937.961047362', 'miles': '8914152.4942511156'}, 'orbiting_body': 'Earth'}]",False,http://api.nasa.gov/neo/rest/v1/neo/54499611?api_key=zEV8WaqAclQozMvV7r8zkXjdX6O5NLcAqvgJgtwC,0.0945703457,0.2114657216,94.5703457028,211.4657216471,0.0587632703,0.1313986669,310.2701729955,693.7851982086,
54499837,54499837,(2024 WS),https://ssd.jpl.nasa.gov/tools/sbdb_lookup.html#/?sstr=54499837,26.483,False,"[{'close_approach_date': '2024-11-30', 'close_approach_date_full': '2024-Nov-30 15:38', 'epoch_date_close_approach': 1732981080000, 'relative_velocity': {'kilometers_per_second': '10.5122187381', 'kilometers_per_hour': '37843.9874572046', 'miles_per_hour': '23514.7820952836'}, 'miss_distance': {'astronomical': '0.0157298121', 'lunar': '6.1188969069', 'kilometers': '2353146.385660227', 'miles': '1462177.3619840526'}, 'orbiting_body': 'Earth'}]",True,http://api.nasa.gov/neo/rest/v1/neo/54499837?api_key=zEV8WaqAclQozMvV7r8zkXjdX6O5NLcAqvgJgtwC,0.0134262576,0.0300220248,13.4262576365,30.0220247586,0.0083426871,0.0186548155,44.0494031041,98.4974597091,http://api.nasa.gov/neo/rest/v1/neo/sentry/54499837?api_key=zEV8WaqAclQozMvV7r8zkXjdX6O5NLcAqvgJgtwC
54501816,54501816,(2024 WY5),https://ssd.jpl.nasa.gov/tools/sbdb_lookup.html#/?sstr=54501816,24.123,False,"[{'close_approach_date': '2024-11-30', 'close_approach_date_full': '2024-Nov-30 14:37', 'epoch_date_close_approach': 1732977420000, 'relative_velocity': {'kilometers_per_second': '13.4914580465', 'kilometers_per_hour': '48569.2489673064', 'miles_per_hour': '30179.0425041577'}, 'miss_distance': {'astronomical': '0.142598318', 'lunar': '55.470745702', 'kilometers': '21332404.63838266', 'miles': '13255341.583934308'}, 'orbiting_body': 'Earth'}]",False,http://api.nasa.gov/neo/rest/v1/neo/54501816?api_key=zEV8WaqAclQozMvV7r8zkXjdX6O5NLcAqvgJgtwC,0.0398065901,0.0890102414,39.8065900845,89.0102413814,0.0247346607,0.0553083827,130.5990530129,292.0283603338,
54502165,54502165,(2024 WQ14),https://ssd.jpl.nasa.gov/tools/sbdb_lookup.html#/?sstr=54502165,26.084,False,"[{'close_approach_date': '2024-11-30', 'close_approach_date_full': '2024-Nov-30 07:35', 'epoch_date_close_approach': 1732952100000, 'relative_velocity': {'kilometers_per_second': '3.2555899034', 'kilometers_per_hour': '11720.1236522718', 'miles_per_hour': '7282.4290549352'}, 'miss_distance': {'astronomical': '0.1102388529', 'lunar': '42.8829137781', 'kilometers': '16491497.585083323', 'miles': '10247341.4238349374'}, 'orbiting_body': 'Earth'}]",False,http://api.nasa.gov/neo/rest/v1/neo/54502165?api_key=zEV8WaqAclQozMvV7r8zkXjdX6O5NLcAqvgJgtwC,0.0161344801,0.0360777944,16.1344801325,36.077794358,0.0100254981,0.0224176952,52.9346477981,118.3654708415,
2447755,2447755,447755 (2007 JX2),https://ssd.jpl.nasa.gov/tools/sbdb_lookup.html#/?sstr=2447755,19.73,True,"[{'close_approach_date': '2024-12-03', 'close_approach_date_full': '2024-Dec-03 23:16', 'epoch_date_close_approach': 1733267760000, 'relative_velocity': {'kilometers_per_second': '12.2226088853', 'kilometers_per_hour': '44001.3919872028', 'miles_per_hour': '27340.7538156038'}, 'miss_distance': {'astronomical': '0.0369798895', 'lunar': '14.3851770155', 'kilometers': '5532112.702035365', 'miles': '3437495.434263437'}, 'orbiting_body': 'Earth'}]",False,http://api.nasa.gov/neo/rest/v1/neo/2447755?api_key=zEV8WaqAclQozMvV7r8zkXjdX6O5NLcAqvgJgtwC,0.3009920165,0.6730386097,300.992016548,673.0386096861,0.1870277103,0.4182066739,987.5066475714,2208.1319922025,
2523661,2523661,523661 (2012 LF11),https://ssd.jpl.nasa.gov/tools/sbdb_lookup.html#/?sstr=2523661,20.79,False,"[{'close_approach_date': '2024-12-03', 'close_approach_date_full': '2024-Dec-03 20:13', 'epoch_date_close_approach': 1733256780000, 'relative_velocity': {'kilometers_per_second': '16.5219850836', 'kilometers_per_hour': '59479.1463009953', 'miles_per_hour': '36958.0284335268'}, 'miss_distance': {'astronomical': '0.4503475767', 'lunar': '175.1852073363', 'kilometers': '67371038.233981629', 'miles': '41862421.9722953202'}, 'orbiting_body': 'Earth'}]",False,http://api.nasa.gov/neo/rest/v1/neo/2523661?api_key=zEV8WaqAclQozMvV7r8zkXjdX6O5NLcAqvgJgtwC,0.1847374636,0.4130855266,184.7374636151,413.0855266343,0.1147905025,0.2566793668,606.094060127,1355.2675192028,
3735468,3735468,(2015 WY1),https://ssd.jpl.nasa.gov/tools/sbdb_lookup.html#/?sstr=3735468,22.05,False,"[{'close_approach_date': '2024-12-03', 'close_approach_date_full': '2024-Dec-03 14:58', 'epoch_date_close_approach': 1733237880000, 'relative_velocity': {'kilometers_per_second': '15.2914371899', 'kilometers_per_hour': '55049.1738836436', 'miles_per_hour': '34205.4158500895'}, 'miss_distance': {'astronomical': '0.3905475525', 'lunar': '151.9229979225', 'kilometers': '58425081.987713175', 'miles': '36303662.523964815'}, 'orbiting_body': 'Earth'}]",False,http://api.nasa.gov/neo/rest/v1/neo/3735468?api_key=zEV8WaqAclQozMvV7r8zkXjdX6O5NLcAqvgJgtwC,0.1034081995,0.2312277636,103.4081995395,231.2277636011,0.0642548564,0.1436782267,339.2657573771,758.6212959332,
3765645,3765645,(2016 XJ2),https://ssd.jpl.nasa.gov/tools/sbdb_lookup.html#/?sstr=3765645,24.2,False,"[{'close_approach_date': '2024-12-03', 'close_approach_date_full': '2024-Dec-03 17:22', 'epoch_date_close_approach': 1733246520000, 'relative_velocity': {'kilometers_per_second': '22.1316174982', 'kilometers_per_hour': '79673.8229934484', 'miles_per_hour': '49506.2151816791'}, 'miss_distance': {'astronomical': '0.4856251757', 'lunar': '188.9081933473', 'kilometers': '72648491.903095759', 'miles': '45141679.6210851142'}, 'orbiting_body': 'Earth'}]",False,http://api.nasa.gov/neo/rest/v1/neo/3765645?api_key=zEV8WaqAclQozMvV7r8zkXjdX6O5NLcAqvgJgtwC,0.0384197891,0.0859092601,38.4197891064,85.9092601232,0.0238729428,0.0533815229,126.0491808919,281.8545369825,
54017091,54017091,(2020 KY),https://ssd.jpl.nasa.gov/tools/sbdb_lookup.html#/?sstr=54017091,26.2,False,"[{'close_approach_date': '2024-12-03', 'close_approach_date_full': '2024-Dec-03 11:01', 'epoch_date_close_approach': 1733223660000, 'relative_velocity': {'kilometers_per_second': '5.8869173204', 'kilometers_per_hour': '21192.9023535966', 'miles_per_hour': '13168.4453541001'}, 'miss_distance': {'astronomical': '0.3226236194', 'lunar': '125.5005879466', 'kilometers': '48263806.273930678', 'miles': '29989738.5759642364'}, 'orbiting_body': 'Earth'}]",False,http://api.nasa.gov/neo/rest/v1/neo/54017091?api_key=zEV8WaqAclQozMvV7r8zkXjdX6O5NLcAqvgJgtwC,0.0152951935,0.0342010925,15.2951935344,34.201092472,0.0095039897,0.021251567,50.1810827555,112.2083122258,
54053939,54053939,(2020 RD4),https://ssd.jpl.nasa.gov/tools/sbdb_lookup.html#/?sstr=54053939,29.7,False,"[{'close_approach_date': '2024-12-03', 'close_approach_date_full': '2024-Dec-03 00:17', 'epoch_date_close_approach': 1733185020000, 'relative_velocity': {'kilometers_per_second': '10.6055328592', 'kilometers_per_hour': '38179.9182932543', 'miles_per_hour': '23723.5164528279'}, 'miss_distance': {'astronomical': '0.296583049', 'lunar': '115.370806061', 'kilometers': '44368192.40850563', 'miles': '27569116.365732494'}, 'orbiting_body': 'Earth'}]",False,http://api.nasa.gov/neo/rest/v1/neo/54053939?api_key=zEV8WaqAclQozMvV7r8zkXjdX6O5NLcAqvgJgtwC,0.0030517923,0.0068240151,3.0517923259,6.824015094,0.0018962952,0.0042402451,10.0124423346,22.388501681,
54404393,54404393,(2023 VH7),https://ssd.jpl.nasa.gov/tools/sbdb_lookup.html#/?sstr=54404393,25.73,False,"[{'close_approach_date': '2024-12-03', 'close_approach_date_full': '2024-Dec-03 09:41', 'epoch_date_close_approach': 1733218860000, 'relative_velocity': {'kilometers_per_second': '13.0519973334', 'kilometers_per_hour': '46987.1904003235', 'miles_per_hour': '29196.0128351344'}, 'miss_distance': {'astronomical': '0.3548458664', 'lunar': '138.0350420296', 'kilometers': '53084185.791744568', 'miles': '32984983.5169803184'}, 'orbiting_body': 'Earth'}]",False,http://api.nasa.gov/neo/rest/v1/neo/54404393?api_key=zEV8WaqAclQozMvV7r8zkXjdX6O5NLcAqvgJgtwC,0.0189913123,0.0424658654,18.9913123471,42.46586539,0.0118006507,0.0263870572,62.3074572008,139.3237098062,
54501818,54501818,(2024 WL6),https://ssd.jpl.nasa.gov/tools/sbdb_lookup.html#/?sstr=54501818,26.257,False,"[{'close_approach_date': '2024-12-03', 'close_approach_date_full': '2024-Dec-03 18:59', 'epoch_date_close_approach': 1733252340000, 'relative_velocity': {'kilometers_per_second': '8.2157146169', 'kilometers_per_hour': '29576.5726208058', 'miles_per_hour': '18377.7320265224'}, 'miss_distance': {'astronomical': '0.0100929824', 'lunar': '3.9261701536', 'kilometers': '1509888.668987488', 'miles': '938201.3139358144'}, 'orbiting_body': 'Earth'}]",False,http://api.nasa.gov/neo/rest/v1/neo/54501818?api_key=zEV8WaqAclQozMvV7r8zkXjdX6O5NLcAqvgJgtwC,0.0148989265,0.0333150124,14.8989264632,33.3150123635,0.0092577608,0.0207009825,48.8809938975,109.3012251627,
2163899,2163899,163899 (2003 SD220),https://ssd.jpl.nasa.gov/tools/sbdb_lookup.html#/?sstr=2163899,17.63,True,"[{'close_approach_date': '2024-12-02', 'close_approach_date_full': '2024-Dec-02 12:36', 'epoch_date_close_approach': 1733142960000, 'relative_velocity': {'kilometers_per_second': '5.481051941', 'kilometers_per_hour': '19731.78698777', 'miles_per_hour': '12260.5650869285'}, 'miss_distance': {'astronomical': '0.0883391215', 'lunar': '34.3639182635', 'kilometers': '13215344.414071205', 'miles': '8211634.240364429'}, 'orbiting_body': 'Earth'}]",False,http://api.nasa.gov/neo/rest/v1/neo/2163899?api_key=zEV8WaqAclQozMvV7r8zkXjdX6O5NLcAqvgJgtwC,0.7916896669,1.7702719124,791.6896669423,1770.2719123671,0.491933,1.0999956285,2597.4071268909,5807.9789009705,
2523585,2523585,523585 (1998 MW5),https://ssd.jpl.nasa.gov/tools/sbdb_lookup.html#/?sstr=2523585,18.69,False,"[{'close_approach_date': '2024-12-02', 'close_approach_date_full': '2024-Dec-02 10:43', 'epoch_date_close_approach': 1733136180000, 'relative_velocity': {'kilometers_per_second': '11.4820878789', 'kilometers_per_hour': '41335.5163640508', 'miles_per_hour': '25684.2823763181'}, 'miss_distance': {'astronomical': '0.2989540128', 'lunar': '116.2931109792', 'kilometers': '44722883.542832736', 'miles': '27789511.2167583168'}, 'orbiting_body': 'Earth'}]",False,http://api.nasa.gov/neo/rest/v1/neo/2523585?api_key=zEV8WaqAclQozMvV7r8zkXjdX6O5NLcAqvgJgtwC,0.4859090375,1.0865256386,485.9090374507,1086.5256386213,0.3019297845,0.6751355226,1594.1898064299,3564.7167762145,
3788012,3788012,(2017 UV4),https://ssd.jpl.nasa.gov/tools/sbdb_lookup.html#/?sstr=3788012,19.93,False,"[{'close_approach_date': '2024-12-02', 'close_approach_date_full': '2024-Dec-02 03:04', 'epoch_date_close_approach': 1733108640000, 'relative_velocity': {'kilometers_per_second': '15.0191314092', 'kilometers_per_hour': '54068.8730732744', 'miles_per_hour': '33596.2950493354'}, 'miss_distance': {'astronomical': '0.1909436336', 'lunar': '74.2770734704', 'kilometers': '28564760.876620432', 'miles': '17749319.3618566816'}, 'orbiting_body': 'Earth'}]",False,http://api.nasa.gov/neo/rest/v1/neo/3788012?api_key=zEV8WaqAclQozMvV7r8zkXjdX6O5NLcAqvgJgtwC,0.2745079817,0.6138185073,274.5079816514,613.8185073387,0.1705712991,0.3814090197,900.6167665211,2013.8403116173,
3825033,3825033,(2018 KT2),https://ssd.jpl.nasa.gov/tools/sbdb_lookup.html#/?sstr=3825033,26.9,False,"[{'close_approach_date': '2024-12-02', 'close_approach_date_full': '2024-Dec-02 20:03', 'epoch_date_close_approach': 1733169780000, 'relative_velocity': {'kilometers_per_second': '5.702353463', 'kilometers_per_hour': '20528.4724668187', 'miles_per_hour': '12755.5944613963'}, 'miss_distance': {'astronomical': '0.3387595304', 'lunar': '131.7774573256', 'kilometers': '50677704.190040248', 'miles': '31489665.1885135024'}, 'orbiting_body': 'Earth'}]",False,http://api.nasa.gov/neo/rest/v1/neo/3825033?api_key=zEV8WaqAclQozMvV7r8zkXjdX6O5NLcAqvgJgtwC,0.0110803882,0.0247765013,11.0803882126,24.7765012606,0.0068850319,0.0153953994,36.3529808636,81.2877363957,
54054370,54054370,(2020 RA8),https://ssd.jpl.nasa.gov/tools/sbdb_lookup.html#/?sstr=54054370,24.2,False,"[{'close_approach_date': '2024-12-02', 'close_approach_date_full': '2024-Dec-02 00:36', 'epoch_date_close_approach': 1733099760000, 'relative_velocity': {'kilometers_per_second': '18.3820229666', 'kilometers_per_hour': '66175.2826795872', 'miles_per_hour': '41118.7471738802'}, 'miss_distance': {'astronomical': '0.4577018489', 'lunar': '178.0460192221', 'kilometers': '68471221.690501843', 'miles': '42546044.2721897134'}, 'orbiting_body': 'Earth'}]",False,http://api.nasa.gov/neo/rest/v1/neo/54054370?api_key=zEV8WaqAclQozMvV7r8zkXjdX6O5NLcAqvgJgtwC,0.0384197891,0.0859092601,38.4197891064,85.9092601232,0.0238729428,0.0533815229,126.0491808919,281.8545369825,
54226123,54226123,(2021 XZ),https://ssd.jpl.nasa.gov/tools/sbdb_lookup.html#/?sstr=54226123,28.21,False,"[{'close_approach_date': '2024-12-02', 'close_approach_date_full': '2024-Dec-02 09:14', 'epoch_date_close_approach': 1733130840000, 'relative_velocity': {'kilometers_per_second': '7.3971512539', 'kilometers_per_hour': '26629.7445140989', 'miles_per_hour': '16546.6876398855'}, 'miss_distance': {'astronomical': '0.0337615776', 'lunar': '13.1332536864', 'kilometers': '5050660.096799712', 'miles': '3138334.6576395456'}, 'orbiting_body': 'Earth'}]",False,http://api.nasa.gov/neo/rest/v1/neo/54226123?api_key=zEV8WaqAclQozMvV7r8zkXjdX6O5NLcAqvgJgtwC,0.0060611492,0.0135531417,6.0611492274,13.5531416942,0.0037662224,0.0084215292,19.8856608311,44.465689396,
54288263,54288263,(2022 MO),https://ssd.jpl.nasa.gov/tools/sbdb_lookup.html#/?sstr=54288263,20.64,False,"[{'close_approach_date': '2024-12-02', 'close_approach_date_full': '2024-Dec-02 14:51', 'epoch_date_close_approach': 1733151060000, 'relative_velocity': {'kilometers_per_second': '16.7620700011', 'kilometers_per_hour': '60343.4520041267', 'miles_per_hour': '37495.0743855642'}, 'miss_distance': {'astronomical': '0.4509864849', 'lunar': '175.4337426261', 'kilometers': '67466617.539827163', 'miles': '41921812.1989863294'}, 'orbiting_body': 'Earth'}]",False,http://api.nasa.gov/neo/rest/v1/neo/54288263?api_key=zEV8WaqAclQozMvV7r8zkXjdX6O5NLcAqvgJgtwC,0.1979497587,0.4426291165,197.9497586642,442.6291165029,0.1230002395,0.2750368968,649.4414862159,1452.1953105872,
54328073,54328073,(2022 WH4),https://ssd.jpl.nasa.gov/tools/sbdb_lookup.html#/?sstr=54328073,23.89,False,"[{'close_approach_date': '2024-12-02', 'close_approach_date_full': '2024-Dec-02 16:20', 'epoch_date_close_approach': 1733156400000, 'relative_velocity': {'kilometers_per_second': '19.4807838254', 'kilometers_per_hour': '70130.8217713324', 'miles_per_hour': '43576.5653389704'}, 'miss_distance': {'astronomical': '0.4465642666', 'lunar': '173.7134997074', 'kilometers': '66805063.101472142', 'miles': '41510741.3326018796'}, 'orbiting_body': 'Earth'}]",False,http://api.nasa.gov/neo/rest/v1/neo/54328073?api_key=zEV8WaqAclQozMvV7r8zkXjdX6O5NLcAqvgJgtwC,0.0443154309,0.099092316,44.3154309096,99.0923159661,0.0275363236,0.0615730915,145.3918383455,325.1060339141,
54445000,54445000,(2024 KA1),https://ssd.jpl.nasa.gov/tools/sbdb_lookup.html#/?sstr=54445000,25.38,False,"[{'close_approach_date': '2024-12-02', 'close_approach_date_full': '2024-Dec-02 07:52', 'epoch_date_close_approach': 1733125920000, 'relative_velocity': {'kilometers_per_second': '7.2777140707', 'kilometers_per_hour': '26199.7706543946', 'miles_per_hour': '16279.5186046709'}, 'miss_distance': {'astronomical': '0.432863988', 'lunar': '168.384091332', 'kilometers': '64755530.60450556', 'miles': '40237220.892914328'}, 'orbiting_body': 'Earth'}]",False,http://api.nasa.gov/neo/rest/v1/neo/54445000?api_key=zEV8WaqAclQozMvV7r8zkXjdX6O5NLcAqvgJgtwC,0.0223128464,0.0498930414,22.3128464417,49.8930414151,0.0138645557,0.031002089,73.2048791197,163.6910859964,
54454243,54454243,(2024 MG1),https://ssd.jpl.nasa.gov/tools/sbdb_lookup.html#/?sstr=54454243,23.93,False,"[{'close_approach_date': '2024-12-02', 'close_approach_date_full': '2024-Dec-02 06:19', 'epoch_date_close_approach': 1733120340000, 'relative_velocity': {'kilometers_per_second': '5.5149338553', 'kilometers_per_hour': '19853.7618790574', 'miles_per_hour': '12336.3555409065'}, 'miss_distance': {'astronomical': '0.4480250814', 'lunar': '174.2817566646', 'kilometers': '67023597.884016618', 'miles': '41646532.5497526084'}, 'orbiting_body': 'Earth'}]",False,http://api.nasa.gov/neo/rest/v1/neo/54454243?api_key=zEV8WaqAclQozMvV7r8zkXjdX6O5NLcAqvgJgtwC,0.0435065831,0.0972836774,43.5065831396,97.2836773688,0.0270337291,0.0604492559,142.7381382276,319.1721800586,
54500036,54500036,(2024 WF1),https://ssd.jpl.nasa.gov/tools/sbdb_lookup.html#/?sstr=54500036,23.374,False,"[{'close_approach_date': '2024-12-02', 'close_approach_date_full': '2024-Dec-02 04:09', 'epoch_date_close_approach': 1733112540000, 'relative_velocity': {'kilometers_per_second': '13.4534970719', 'kilometers_per_hour': '48432.5894589491', 'miles_per_hour': '30094.1276002009'}, 'miss_distance': {'astronomical': '0.1995613372', 'lunar': '77.6293601708', 'kilometers': '29853950.979471764', 'miles': '18550384.9458637832'}, 'orbiting_body': 'Earth'}]",False,http://api.nasa.gov/neo/rest/v1/neo/54500036?api_key=zEV8WaqAclQozMvV7r8zkXjdX6O5NLcAqvgJgtwC,0.0562024149,0.1256724202,56.2024148887,125.6724201908,0.0349225507,0.0780891974,184.3911308635,412.3111030589,
54500509,54500509,(2024 WK3),https://ssd.jpl.nasa.gov/tools/sbdb_lookup.html#/?sstr=54500509,23.82,False,"[{'close_approach_date': '2024-12-02', 'close_approach_date_full': '2024-Dec-02 00:56', 'epoch_date_close_approach': 1733100960000, 'relative_velocity': {'kilometers_per_second': '8.0576702649', 'kilometers_per_hour': '29007.6129536747', 'miles_per_hour': '18024.2026155764'}, 'miss_distance': {'astronomical': '0.1088460989', 'lunar': '42.3411324721', 'kilometers': '16283144.553249343', 'miles': '10117876.8532052134'}, 'orbiting_body': 'Earth'}]",False,http://api.nasa.gov/neo/rest/v1/neo/54500509?api_key=zEV8WaqAclQozMvV7r8zkXjdX6O5NLcAqvgJgtwC,0.0457672667,0.1023387195,45.7672667231,102.3387195373,0.0284384523,0.0635903125,150.1550793559,335.7569646067,
54500709,54500709,(2024 WR3),https://ssd.jpl.nasa.gov/tools/sbdb_lookup.html#/?sstr=54500709,23.533,False,"[{'close_approach_date': '2024-12-02', 'close_approach_date_full': '2024-Dec-02 07:23', 'epoch_date_close_approach': 1733124180000, 'relative_velocity': {'kilometers_per_second': '16.4091237384', 'kilometers_per_hour': '59072.8454582155', 'miles_per_hour': '36705.5688904117'}, 'miss_distance': {'astronomical': '0.1356041467', 'lunar': '52.7500130663', 'kilometers': '20286091.509487529', 'miles': '12605192.7534407402'}, 'orbiting_body': 'Earth'}]",False,http://api.nasa.gov/neo/rest/v1/neo/54500709?api_key=zEV8WaqAclQozMvV7r8zkXjdX6O5NLcAqvgJgtwC,0.0522342035,0.1167992298,52.2342034892,116.7992297524,0.0324568193,0.0725756542,171.3720641755,383.1995849408,
54500894,54500894,(2024 WN4),https://ssd.jpl.nasa.gov/tools/sbdb_lookup.html#/?sstr=54500894,26.853,False,"[{'close_approach_date': '2024-12-02', 'close_approach_date_full': '2024-Dec-02 03:07', 'epoch_date_close_approach': 1733108820000, 'relative_velocity': {'kilometers_per_second': '11.5016318597', 'kilometers_per_hour': '41405.8746947908', 'miles_per_hour': '25728.0003068826'}, 'miss_distance': {'astronomical': '0.011870219', 'lunar': '4.617515191', 'kilometers': '1775759.47883353', 'miles': '1103405.774541514'}, 'orbiting_body': 'Earth'}]",False,http://api.nasa.gov/neo/rest/v1/neo/54500894?api_key=zEV8WaqAclQozMvV7r8zkXjdX6O5NLcAqvgJgtwC,0.0113228297,0.025318617,11.3228297315,25.3186169774,0.007035678,0.0157322543,37.1483926965,83.0663313241,
54502457,54502457,(2024 WR15),https://ssd.jpl.nasa.gov/tools/sbdb_lookup.html#/?sstr=54502457,24.719,False,"[{'close_approach_date': '2024-12-02', 'close_approach_date_full': '2024-Dec-02 22:40', 'epoch_date_close_approach': 1733179200000, 'relative_velocity': {'kilometers_per_second': '14.8079047014', 'kilometers_per_hour': '53308.4569252092', 'miles_per_hour': '33123.8020266668'}, 'miss_distance': {'astronomical': '0.1229981228', 'lunar': '47.8462697692', 'kilometers': '18400257.184878436', 'miles': '11433389.6413609768'}, 'orbiting_body': 'Earth'}]",False,http://api.nasa.gov/neo/rest/v1/neo/54502457?api_key=zEV8WaqAclQozMvV7r8zkXjdX6O5NLcAqvgJgtwC,0.0302520616,0.0676456663,30.252061639,67.6456662844,0.0187977538,0.0420330553,99.2521739078,221.9346077726,
54065916,54065916,(2020 TH6),https://ssd.jpl.nasa.gov/tools/sbdb_lookup.html#/?sstr=54065916,28.8,False,"[{'close_approach_date': '2024-12-01', 'close_approach_date_full': '2024-Dec-01 22:55', 'epoch_date_close_approach': 1733093700000, 'relative_velocity': {'kilometers_per_second': '4.5328253058', 'kilometers_per_hour': '16318.1711009965', 'miles_per_hour': '10139.4769266164'}, 'miss_distance': {'astronomical': '0.1560773159', 'lunar': '60.7140758851', 'kilometers': '23348834.013957133', 'miles': '14508292.6978011154'}, 'orbiting_body': 'Earth'}]",False,http://api.nasa.gov/neo/rest/v1/neo/54065916?api_key=zEV8WaqAclQozMvV7r8zkXjdX6O5NLcAqvgJgtwC,0.0046190746,0.0103285648,4.6190746028,10.328564805,0.002870159,0.0064178706,15.1544447199,33.886368555,
54225500,54225500,(2021 WL4),https://ssd.jpl.nasa.gov/tools/sbdb_lookup.html#/?sstr=54225500,23.98,False,"[{'close_approach_date': '2024-12-01', 'close_approach_date_full': '2024-Dec-01 04:12', 'epoch_date_close_approach': 1733026320000, 'relative_velocity': {'kilometers_per_second': '10.145547522', 'kilometers_per_hour': '36523.9710792684', 'miles_per_hour': '22694.5752520043'}, 'miss_distance': {'astronomical': '0.0635751287', 'lunar': '24.7307250643', 'kilometers': '9510703.838495869', 'miles': '5909677.3298622322'}, 'orbiting_body': 'Earth'}]",False,http://api.nasa.gov/neo/rest/v1/neo/54225500?api_key=zEV8WaqAclQozMvV7r8zkXjdX6O5NLcAqvgJgtwC,0.0425162524,0.0950692305,42.5162524006,95.0692305162,0.0264183663,0.0590732628,139.4890215259,311.9069342469,
54305664,54305664,(2022 SY4),https://ssd.jpl.nasa.gov/tools/sbdb_lookup.html#/?sstr=54305664,27.53,False,"[{'close_approach_date': '2024-12-01', 'close_approach_date_full': '2024-Dec-01 19:10', 'epoch_date_close_approach': 1733080200000, 'relative_velocity': {'kilometers_per_second': '9.8052686322', 'kilometers_per_hour': '35298.9670759371', 'miles_per_hour': '21933.4054033788'}, 'miss_distance': {'astronomical': '0.1609071465', 'lunar': '62.5928799885', 'kilometers': '24071366.384177955', 'miles': '14957253.494067579'}, 'orbiting_body': 'Earth'}]",False,http://api.nasa.gov/neo/rest/v1/neo/54305664?api_key=zEV8WaqAclQozMvV7r8zkXjdX6O5NLcAqvgJgtwC,0.0082900085,0.0185370226,8.2900085145,18.5370225725,0.0051511709,0.0115183683,27.1981915348,60.8170051368,
54500492,54500492,(2024 WO2),https://ssd.jpl.nasa.gov/tools/sbdb_lookup.html#/?sstr=54500492,23.669,False,"[{'close_approach_date': '2024-12-01', 'close_approach_date_full': '2024-Dec-01 23:39', 'epoch_date_close_approach': 1733096340000, 'relative_velocity': {'kilometers_per_second': '15.0724047602', 'kilometers_per_hour': '54260.657136743', 'miles_per_hour': '33715.4622081057'}, 'miss_distance': {'astronomical': '0.1598213225', 'lunar': '62.1704944525', 'kilometers': '23908929.426583075', 'miles': '14856319.848973435'}, 'orbiting_body': 'Earth'}]",False,http://api.nasa.gov/neo/rest/v1/neo/54500492?api_key=zEV8WaqAclQozMvV7r8zkXjdX6O5NLcAqvgJgtwC,0.049063099,0.1097084246,49.0630990321,109.7084246226,0.0304863869,0.0681696335,160.9681778286,359.9357878389,
54502461,54502461,(2024 XA),https://ssd.jpl.nasa.gov/tools/sbdb_lookup.html#/?sstr=54502461,31.604,False,"[{'close_approach_date': '2024-12-01', 'close_approach_date_full': '2024-Dec-01 09:46', 'epoch_date_close_approach': 1733046360000, 'relative_velocity': {'kilometers_per_second': '13.5660336918', 'kilometers_per_hour': '48837.7212905131', 'miles_per_hour': '30345.860765208'}, 'miss_distance': {'astronomical': '0.0000516449', 'lunar': '0.0200898661', 'kilometers': '7725.967036363', 'miles': '4800.6933052894'}, 'orbiting_body': 'Earth'}]",True,http://api.nasa.gov/neo/rest/v1/neo/54502461?api_key=zEV8WaqAclQozMvV7r8zkXjdX6O5NLcAqvgJgtwC,0.0012698575,0.0028394876,1.2698574657,2.8394876151,0.0007890526,0.0017643753,4.1661991678,9.3159045471,http://api.nasa.gov/neo/rest/v1/neo/sentry/54502461?api_key=zEV8WaqAclQozMvV7r8zkXjdX6O5NLcAqvgJgtwC
